topic,sentiment_mean,sentiment_std,subjectivity_mean,subjectivity_std,counting
Causes,0.38104219490038754,0.5388750398645403,0.7386829902027227,1.0446555030390026,2.0
Hazard,0.001457190146598633,0.9926981816020515,-0.046666185695176436,0.9284369020121878,215.0
Impacts,0.004747166954908794,0.8245219725400668,0.13559756156084984,0.9796632128319177,58.0
Mitigation,-0.1533118400380436,0.6491955333061501,0.10472116371607738,1.1772544799872287,11.0
