topic,sentiment_mean,sentiment_std,subjectivity_mean,subjectivity_std,counting
Hazard,-0.038138131134622624,0.9443801957911229,-0.14855411036726535,0.8286398999673009,64.0
Impacts,-0.014955253168804876,0.8051695703280481,0.36899753179363015,0.9961944045732833,29.0
Mitigation,0.48800378499747604,0.6210326312888599,-0.11547005383792515,0.944281031614353,5.0
