topic,sentiment_mean,sentiment_std,subjectivity_mean,subjectivity_std,counting
Causes,0.39067791976755095,0.5525020126549784,0.7443988006779467,1.0527388797330186,2.0
Hazard,0.004729169891826564,0.9918204125456987,-0.04510783168190337,0.9291025365935317,220.0
Impacts,-0.008308001194138683,0.8297325801203173,0.13224362972619144,0.9846505737816195,59.0
Mitigation,-0.15157413009064113,0.6676723644462216,0.09930270426670544,1.175940322837351,11.0
