week,sentiment_mean,sentiment_std,subjectivity_mean,subjectivity_std,counting
2024-51,-0.0056685637719129075,0.9114626299295037,-0.13296787641380095,0.7049138180704692,22.0
2024-52,-0.5467156460704042,1.1520092114766733,0.6151053770065711,1.3333838009437082,6.0
2024-53,0.300467397545773,0.5322367887117281,0.9562960652968119,1.3524068651867782,3.0
2025-00,-0.16099187446453478,0.5210361019677084,0.1572077115214594,1.1817162066699198,4.0
2025-01,-0.0682930424699547,0.8029560541059456,-0.04987830960975196,0.8901815410136976,44.0
2025-02,0.4735416103416322,1.1136519482813492,-0.23789840742932108,0.8623510276555799,8.0
2025-03,0.4294923807807221,1.1365176168307436,0.03749216289321981,0.95951002468672,5.0
