keyword,sentiment_mean,sentiment_std,subjectivity_mean,subjectivity_std,counting
'Erdbeben Epizentrum',0.7833494518006403,1.0,-0.5,1.0,1.0
'Erdbeben Schäden',0.004566174343556552,1.0,,1.0,1.0
'Erdbeben Tote',0.10808236679585369,0.8288127906602862,0.27599818959503497,0.06275981993968924,6.0
'Erdbeben Trümmer',-0.11060025272186626,1.0,0.8790182023439066,1.0,1.0
'Erdbeben Verletzte',0.13961796335776816,0.2608439043558056,-0.1902352563430426,0.25275939947099046,4.0
'Erdbeben',-0.20063863790348652,0.8272003161959555,0.1483163247594393,0.8959456284682911,17.0
'schweres Erdbeben',0.48249405757172165,0.8035679453286191,-0.5439825760406962,0.7693075367314061,2.0
