topic,sentiment_mean,sentiment_std,subjectivity_mean,subjectivity_std,counting
Hazard,-0.005164914319166626,0.5554334616876291,0.0,0.44721359549995787,8.0
Impacts,0.09085652429649091,0.4946650925898709,0.13293650793650794,0.14596487426785332,9.0
