keyword,sentiment_mean,sentiment_std,subjectivity_mean,subjectivity_std,counting
'Erdbeben Schäden',0.004566174343556552,1.0,,1.0,1.0
'Erdbeben Tote',0.45120396881341296,0.479959494989699,0.23809523809523808,0.13468700594029476,4.0
'Erdbeben Verletzte',0.09142925399597696,0.2054269246289096,0.027777777777777776,0.039283710065919304,4.0
'Erdbeben',-0.20355462897632515,0.8134809547011291,0.0,0.5773502691896257,13.0
'schweres Erdbeben',-0.08571428571428573,1.0,0.0,1.0,1.0
