topic,sentiment_mean,sentiment_std,subjectivity_mean,subjectivity_std,counting
Causes,0.40517724359683877,0.5730071530595967,0.7088036684090395,1.0023997609238657,2.0
Hazard,-0.0018404408326180967,1.0000689520380097,-0.04749117692839238,0.939247001483752,184.0
Impacts,0.013775794925161384,0.8232941719112551,0.11573125618508315,0.93070588619417,56.0
Mitigation,-0.13649920210312014,0.6385640448118255,0.11040737705648342,1.2347886428638837,11.0
