topic,sentiment_mean,sentiment_std,subjectivity_mean,subjectivity_std,counting
Hazard,-0.08603217856073515,0.9255510650488358,-0.09160478896357163,0.8723639809424664,42.0
Impacts,0.043125999714516396,0.797543386025427,0.2522659649197503,0.9203843429389743,24.0
Mitigation,0.8253155180071768,0.1023717690359339,-0.47140452079103173,0.2041241452319315,3.0
