topic,sentiment_mean,sentiment_std,subjectivity_mean,subjectivity_std,counting
Hazard,-0.029725467003500955,0.9358072352311864,-0.14446257339848637,0.8444356947108891,58.0
Impacts,-0.030571848044713294,0.8255056211495638,0.391294899823715,0.987582826284669,30.0
Mitigation,0.6061414652194468,0.5466785933861049,-0.5052927465704347,0.049829935422710164,4.0
