week,sentiment_mean,sentiment_std,subjectivity_mean,subjectivity_std,counting
2025-00,-0.7071067811865475,1.0,,1.0,1.0
2025-01,0.10053446546367827,0.47834585394763934,0.053174603174603166,0.3506074585474217,16.0
