week,sentiment_mean,sentiment_std,subjectivity_mean,subjectivity_std,counting
2024-51,0.1503304753078855,0.8791874928413337,-0.14744822159724025,0.8138224417906488,22.0
2024-52,-0.39221541222729517,1.1787936754649362,0.3365628895934764,1.2297235088659082,6.0
2024-53,0.3092653254388204,0.5246132548747687,1.0470619644493109,1.480769230769231,3.0
2025-00,0.11869710071066293,0.38632378910079246,0.24779750634373993,1.342293530841431,4.0
2025-01,0.13481784953732354,0.826987209741546,-0.1784740610530471,0.7410967785038022,44.0
2025-02,0.5618198616773424,1.1952965730147296,-0.39689955770753776,0.42550137032509916,8.0
2025-03,0.38635596219891527,1.0940739334791971,0.2227027524022433,1.0272121326256405,6.0
2025-04,-0.48466701057904155,1.061289230047984,-0.16585497391792312,0.7956693909963666,7.0
2025-05,-0.3239254054442342,0.8545175844106815,0.26911605091877105,1.1010634815642077,37.0
