week,sentiment_mean,sentiment_std,subjectivity_mean,subjectivity_std,counting
2024-51,-0.014336697412115254,1.0201142089822222,-0.13108699256475623,0.626611794199049,21.0
2024-52,-0.07830304369845931,1.215196652114562,-0.3717850238834702,0.031578115163584324,4.0
2024-53,-0.01358922935830903,1.0,1.9125921305936238,1.0,1.0
2025-00,-0.1455411537972355,0.620408191026033,0.2928575847789898,1.4143070104006041,4.0
2025-01,-0.03933222729045627,0.7917225130282242,0.0470418763645485,0.9609784937426167,43.0
2025-02,0.8848852572728202,1.198365716170918,-0.5031394937598163,0.07909116380698951,3.0
