week,sentiment_mean,sentiment_std,subjectivity_mean,subjectivity_std,counting
2024-51,-0.5368793647632973,1.118191929843715,0.0,1.0,4.0
2024-52,-0.7071067811865476,1.0,,1.0,1.0
2025-00,-0.35127030342149546,0.5032287728424089,,1.0,2.0
2025-01,0.1875212156410832,0.49570334419248263,0.06646825396825395,0.39627938626407017,16.0
