topic,sentiment_mean,sentiment_std,subjectivity_mean,subjectivity_std,counting
Causes,0.4181683511088301,0.4467066916852927,0.13850500845444283,0.8179906680019597,3.0
Hazard,0.001738023010209156,0.998229801088333,-0.06450185679717838,0.9067055162335573,271.0
Impacts,-0.005830386488146111,0.8832523574767036,0.22278078214567484,1.0938055576412946,80.0
Mitigation,-0.10631951038371847,0.6502845283373023,-0.006079964274002074,1.1230060827120685,15.0
