keyword,sentiment_mean,sentiment_std,subjectivity_mean,subjectivity_std,counting
'Erdbeben Schäden',-0.7071067811865475,1.0,,1.0,1.0
'Erdbeben Tote',0.37855339059327375,0.3815710164924939,0.23809523809523808,0.13468700594029476,4.0
'Erdbeben Verletzte',-0.08555555555555555,0.036141013260645755,0.027777777777777776,0.039283710065919304,4.0
'Erdbeben',0.008259980913353226,0.607201517466754,0.0,0.49999999999999994,7.0
'schweres Erdbeben',-0.08571428571428573,1.0,0.0,1.0,1.0
