week,sentiment_mean,sentiment_std,subjectivity_mean,subjectivity_std,counting
2024-51,0.01594631200948544,1.0435623566583137,-0.1293054923474894,0.587317937868819,20.0
2024-52,-0.07830304369845931,1.215196652114562,-0.3717850238834702,0.031578115163584324,4.0
2024-53,-0.01447300768338889,1.0,1.713784007762179,1.0,1.0
2025-00,-0.15201244028842253,0.6260784581587193,0.2796609836539793,1.4237291591383021,4.0
2025-01,-0.03319738998367597,0.7683961969643639,0.03822128644631057,0.9445088105694437,39.0
2025-02,1.8091259604236174,1.0,-0.6143753990090831,1.0,1.0
