week,sentiment_mean,sentiment_std,subjectivity_mean,subjectivity_std,counting
2024-51,0.03419476078342587,0.8592945788129146,-0.11422509041277955,0.7134386251403609,22.0
2024-52,-0.45361980914978495,1.0586205824126298,0.6618845963826167,1.3976316236689026,6.0
2024-53,0.300467397545773,0.5322367887117281,0.9562960652968121,1.3524068651867784,3.0
2025-00,-0.07778759451230358,0.4961415104962129,0.1868778007021897,1.2255670670071481,4.0
2025-01,-0.04641214053425615,0.8411288912405966,-0.05314245500039811,0.9200036717267319,44.0
2025-02,0.4342021374201063,1.0758033103852545,-0.42586019441107464,0.4398040445369766,8.0
2025-03,0.33418629944133826,1.0351195701994167,0.20781188753459628,0.915175262100222,6.0
2025-04,-0.49838844379003644,1.2047760468018054,-0.06365575823149598,0.8461399706445418,5.0
