topic,sentiment_mean,sentiment_std,subjectivity_mean,subjectivity_std,counting
Causes,0.0,1.0,0.0,1.0,1.0
Hazard,-0.010891363666702314,0.9863273735343563,-0.05048693050450112,0.9284321248476186,162.0
Impacts,0.05026193390446131,0.8300322271765163,0.15167888874587332,0.9359976390387312,47.0
Mitigation,-0.07784030116702186,0.6878598825125464,0.11282763370868532,1.2265245672548473,11.0
