topic,sentiment_mean,sentiment_std,subjectivity_mean,subjectivity_std,counting
Causes,0.3848284497513621,0.5442296128253894,0.6776486353037542,0.9583398905701885,2.0
Hazard,0.001319608214456385,0.9983485100011315,-0.04506065673114386,0.9379332783811933,176.0
Impacts,0.008123385236609756,0.8288019424764015,0.10280710438409982,0.9282913254014358,55.0
Mitigation,-0.15518431514490186,0.6227788654336474,0.10550820899255718,1.238240262538142,11.0
