topic,sentiment_mean,sentiment_std,subjectivity_mean,subjectivity_std,counting
Causes,0.36760929480848586,0.5198780503725701,0.7238931785983106,1.0237395508831,2.0
Hazard,-0.0005820558901686338,0.9961061908060977,-0.05375697122924335,0.9247162872566802,195.0
Impacts,0.0184556175894456,0.8209614921555002,0.13547549773561213,0.947766877434825,56.0
Mitigation,-0.1696315056143025,0.6250831615133001,0.16833709518970136,1.3145653098297196,11.0
