topic,sentiment_mean,sentiment_std,subjectivity_mean,subjectivity_std,counting
Hazard,-0.08312596387075936,0.8341171128603193,-0.008061684960538437,0.8601001752049338,20.0
Impacts,0.0917443313189904,0.57981849243545,0.11825896821960512,0.4197982298676938,12.0
