topic,sentiment_mean,sentiment_std,subjectivity_mean,subjectivity_std,counting
Hazard,-0.027993877678403025,0.9799984345168462,-0.03574146853289321,0.9431741646137389,95.0
Impacts,0.04554430775810027,0.7796291118492589,0.12923580647999938,0.8874755279795179,33.0
Mitigation,0.09775439519603485,0.722133893525188,-0.048881013029290904,0.9533463868960653,9.0
