week,sentiment_mean,sentiment_std,subjectivity_mean,subjectivity_std,counting
2024-51,0.06137398811000688,0.9515740794971711,-0.06063717827535839,0.49077225225886423,10.0
2024-52,-0.7071067811865476,1.0,,1.0,1.0
2025-00,-0.1942071594804665,0.1796753640382183,2.041241452319315,1.0,3.0
2025-01,0.006355615385587549,0.6983599849125297,-0.059572848737217236,0.6251499775786371,18.0
