topic,sentiment_mean,sentiment_std,subjectivity_mean,subjectivity_std,counting
Hazard,-0.06727773915206518,0.9174952611958466,-0.0985622673652969,0.8812655007559309,49.0
Impacts,0.023916499906791507,0.8187855841247169,0.2746456527793855,0.9373122385584004,24.0
Mitigation,0.825315518007177,0.10237176903593401,-0.47140452079103173,0.2041241452319315,3.0
