topic,sentiment_mean,sentiment_std,subjectivity_mean,subjectivity_std,counting
Hazard,-0.19513746160046522,0.7822015099677014,0.0,0.49999999999999994,14.0
Impacts,0.24167767395345732,0.37746014716405385,0.13293650793650794,0.14596487426785332,9.0
